Grup,No,Parca,Adet,Malzeme / Ozellik,Olcu,Toplam kutle [g],Not
A. 3D BASKI,A1,Namlu govdesi (bilezik + bant kulaklari + 2 tetik gobegi + 2 servo yatagi dahil),1,PETG (tercih ASA - UV'ye dayanikli),"O55.4 dis / O43.4 ic x 180.5 mm, 2 duz yarik 6.4 mm",172.0,"Dik bas (eksen Z), 4 cevre + %50 gyroid. Yariklar ve delikler destek istemez."
A. 3D BASKI,A2,Kapsul (arka blok + tutma kanali + ag haznesi + 6 bilye yuvasi),1,PETG,"O43.1 x 38 mm, hazne O37.1 x 14 mm, yuva acisi 13 derece",27.5,Agiz yukari bas. Arka blok 16 mm yuk tasir: 5 cevre + %60 dolgu.
A. 3D BASKI,A3,Tetik kartus kapagi,2,PETG,"O18 x 3 mm, ortada O2 ip deligi, 2x O2.2 vida deligi",1.9,%100 dolgu.
A. 3D BASKI,A4,Servo ip makarasi,2,PETG,"O8 mm (r=4 mm) tambur, servo dislisine oturur, O1.5 ip deligi",0.8,Servonun kendi kol vidasiyla sabitlenir.
A. 3D BASKI,A5,Yarik sonu durdurma tamponu,2,TPU 95A,6.2 x 3 x 7 mm,0.5,Yarik on ucuna CA ile yapistir. Kapsulun carpma yukunu yumusatir (~450 N).
A. 3D BASKI,A6,Arka toz kapagi (opsiyonel),1,PETG,"O43 tapa, ortada O10 havalandirma",2.0,Arka agiz yukleme agzidir; ucusta toz/kir girmesin diye.
B. METAL / ISLEME PARCALAR,B1,Capraz pim,1,Aluminyum 7075-T6 cubuk (alternatif: gumus celigi),"O8 x 92 mm; her ucta IKI oluk: r=33 ve r=44 mm, 2.4 mm genislik x 1 mm derinlik",12.4,4 bant icin 4 oluk. Egilme SF 4.1 @ 1080 N. O6 YETERSIZ (SF 1.7).
B. METAL / ISLEME PARCALAR,B2,Tetik pimi,2,Gumus celigi / paslanmaz cubuk,"O5 x 20.7 mm, ust uctan 1 mm'de O1.5 enine ip deligi, uc hafif pahli",6.6,Uc kapsul kanalina girer; yuzey puruzsuz olmali.
B. METAL / ISLEME PARCALAR,B3,Mil bilezigi (pim yakasi / yay tablasi),2,"Celik, set vidali (DIN 705)","O5 ic / O10 dis / 5 mm genislik, M3 set vida",4.4,Pim ucundan 12.2 mm'ye sabitlenir (dinlenmede uc kanal dibine 0.3 mm pay).
B. METAL / ISLEME PARCALAR,B4,Geri getirme yayi (basma),2,Yay celigi,"ic O>=5.3, dis O<=10.2, tel ~0.5-0.6 mm, serbest boy ~13 mm, blok boy <=4 mm",0.6,"Dinlenmede 10 mm (on yuk), cekilince 4 mm. Hazir yay setlerinden secilebilir."
B. METAL / ISLEME PARCALAR,B5,Bant ankraj pimi,4,Paslanmaz celik pim,O4 x 16 mm,3.2,"Agiz kulagindaki enine delige gecer, bant halkasini tutar. Uclara CA damlasi veya kucuk segman."
B. METAL / ISLEME PARCALAR,B6,Ip yonlendirme pimi,2,Paslanmaz celik pim,O3 x 10 mm,1.2,Kapaktan radyal cikan ipi servo tamburuna cevirir. Puruzsuz olmali (veya O6 mini makara).
C. STANDART BAGLANTI ELEMANLARI,C1,M2 isil gomme insert (heat-set),8,Pirinc,M2 x 3 mm,1.2,4 adet kapak vidasi + 4 adet servo vidasi icin (PETG'ye havyayla).
C. STANDART BAGLANTI ELEMANLARI,C2,M2 x 6 civata (kapak),4,"Paslanmaz, silindir basli",M2 x 6,0.8,
C. STANDART BAGLANTI ELEMANLARI,C3,M2 x 8 civata (servo),4,Paslanmaz,M2 x 8,1.0,Servonun kendi vidalari kisa kalirsa.
C. STANDART BAGLANTI ELEMANLARI,C4,M3 set vida (mil bileziklerinin kendi vidasi),2,Celik,M3 x 3,0.0,Bilezikle gelir; diş sabitleyiciyle (Loctite 243).
D. TAHRIK — LATEKS BANT,D1,Lateks tup (zipkin lastigi),4,SAF DOGAL KAUCUK LATEKS (silikon/EPDM OLMAZ),O15.2 dis / O4 ic; kesim boyu ~58 mm (calisma 38 mm + 2x10 mm uc),37.2,"KENAR BASINA 2 ADET. Kurulu uzama x4, 300 N/bant (31 kg). O14 bulunursa o da olur (kuvvet ~%7 duser)."
D. TAHRIK — LATEKS BANT,D2,Bant uc halkasi (Dyneema),8,Dyneema/UHMWPE orgu halat,"O1.5 mm, her biri ~60 mm",0.8,"Tup ucuna ic dugumle gomulur, disi sarilir. Arka halka capraz pim oluguna, on halka ankraj pimine."
D. TAHRIK — LATEKS BANT,D3,Bant ucu sargi ipi,1,Naylon/Dyneema iplik (dikis/sargi),~2 m,0.2,Tup uclarini halka dugumu uzerine sikica sarmak icin. Uc basina donanim <= 7 mm olmali!
E. TETIK TAHRIK — ELEKTRIK,E1,Servo,2,"MG996R sinifi (>=11 kg.cm @6V, metal disli)",40 x 20 x 37 mm,110.0,Pim basina 600 N yuk -> PTFE burcla ~96 N cekme. Mikro servo YETMEZ. Iki servo AYNI sinyal (Y-kablo). Makara r=6 mm.
E. TETIK TAHRIK — ELEKTRIK,E2,Servo Y-kablosu (1 giris -> 2 servo),1,JR/Futaba 3 pin,~15 cm,4.0,
E. TETIK TAHRIK — ELEKTRIK,E3,Servo uzatma kablosu,1,JR/Futaba 3 pin,gerekli boy (tarete gore),5.0,Ucus kontrolcusundeki bir PWM cikisina.
E. TETIK TAHRIK — ELEKTRIK,E4,Tetik ipi,2,"PE/Dyneema orgu, PE #6 (~0.40 mm, ~30 kg)",her biri ~120 mm,0.0,Pim deliginden -> kapak deliginden -> yonlendirme piminden -> servo tamburuna.
E. TETIK TAHRIK — ELEKTRIK,E5,Kablo bagi / spiral,4,Naylon,2.5 mm genislik,0.4,Kablolari namluya sabitlemek icin.
F. AG VE BILYELER,F1,Ag gozu ipi,1,"PE (Dyneema) orgu balik ipi, PE #1 (~0.165 mm, ~8-9 kg)","altigen ag, kose yaricapi 1.4 m (O2.8 m), goz 140 mm: 73 m + %20 dugum payi",1.8,~259 dugum. 100 m makara al.
F. AG VE BILYELER,F2,Ag cevre ipi,1,"PE orgu, PE #3 (~0.285 mm, ~18 kg)",8.4 m + %10,0.6,Altigenin 6 kenari. Bilyelerin cekisini tasir.
F. AG VE BILYELER,F3,Bilye baglanti ipi (lider),6,PE #3,her biri ~70 mm,0.0,"Bilye deliginden gecer, dista durdurma dugumu; diger ucu ag kosesine."
F. AG VE BILYELER,B7,PTFE burc (tetik pimi),2,PTFE/teflon burc,ic O5.0 / dis O7 x 10 mm,0.6,Namlu delige gecer. Surtunmeyi mu=0.18'den 0.08'e dusurur - servo secimi buna bagli.
F. AG VE BILYELER,F4,Bilye,6,"DELIKLI KURSUN top (balik kurşunu), ~12 g","O12.7 mm (+/-0.2), O1.5-2 mm gecme delik",72.6,Kursun > celik (pencere %20-30 daha genis). Delik sart: celik bilyeye ip baglanamaz.
F. AG VE BILYELER,F5,Kirilgan on kapak (her atis icin 1),1,Ince kagit / pelur,O43 disk,0.1,"Kapsul agzina yapistirici cubukla noktasal yapistirilir; bilyeleri ve ag paketini tutar, atista yirtilir."
G. SARF / YARDIMCI,G1,Yag (pim yuzeyleri icin),1,Ince makine yagi (veya PTFE kuru yaglayici sprey),birkac damla,0.0,PTFE sprey surtunmeyi yagin ~yarisina indirir -> servoya ek pay.
G. SARF / YARDIMCI,G2,Dis sabitleyici,1,Loctite 243 (orta),,0.0,Mil bileziklerinin set vidalari.
G. SARF / YARDIMCI,G3,Siyanoakrilat yapistirici (CA),1,,,0.0,"TPU tampon, ankraj pimi uclari."
G. SARF / YARDIMCI,G4,Yapistirici cubuk,1,,,0.0,Kirilgan kagit kapak icin (zayif tutunmali).
G. SARF / YARDIMCI,G5,Talk pudrasi (opsiyonel),1,,,0.0,Paketlenen agda iplerin birbirine yapismasini azaltir.
H. TEST / KURULUM EKIPMANI,H1,Dijital bagaj kantari,1,0-50 kg,,0.0,Bant cekme testi + tetik ipi cekme kuvveti olcumu.
H. TEST / KURULUM EKIPMANI,H2,Kurma eldiveni,1,Kalin is eldiveni,,0.0,Her bant ~34 kg cekilir; tek tek takilir.
H. TEST / KURULUM EKIPMANI,H3,Yedek bant seti,1,D1-D3,,0.0,Lateks yaslanir; testlerde surekli yedek bulundur.
H. TEST / KURULUM EKIPMANI,H4,Yuksek hizli kamera (telefon 240 fps),1,,,0.0,Yer atisinda acilma suresi/cap olcumu.
