uygun,R_eff,E_depo,J_geri,m_sistem,v_exit,v_radyal,F_sok,F_max,verim,t_acilma,kopma_SF,m_ucan,m_kapsul,m_ag,L_kapsul,strok,SF_gerilme,sebep,D_bore,L_namlu,d_tel,C_yay,n_aktif,strok_or,D_bilye,mlz_bilye,alpha_deg,twist_inv,R_ag,goz,d_iplik,mlz
True,3.3432843179907437,14.651769820010431,0.8599369008989141,0.3525393047439077,15.789855849597814,2.0149805015264044,135.81750889421014,267.69598153878866,0.463366537686096,0.42901441062194134,152.25593860954933,0.05446135221815959,0.01290235105892397,0.002465790947956106,0.015422031503882199,0.10946574345859143,1.3407027826244176,,0.04884574775304645,0.3104964238032699,0.0031293851411901413,7.556337048299611,29.399817312136292,0.37097676489502196,0.012822781650349498,0.9775500644780696,3.335447646677494,1.0317990370094776,0.9515317156910897,0.08023661714047192,0.00018823486566543578,Celik
True,2.5901870121037156,21.341360592360083,0.4672638323594295,0.30830516159216587,21.132130576473198,3.0051815156910093,150.83856932415287,401.5385314990244,0.23134139635449497,0.2531440390174904,139.99093158192858,0.022111534408160584,0.010706816956645463,0.0014664606764331126,0.014500021240876322,0.10629794611584835,1.213018426006097,,0.04436435882654041,0.2185335942711681,0.004053497166372835,9.304155120626092,13.206261532381177,0.5209826232865453,0.008337154256179929,2.1174498416958376,2.8271090611815453,1.2119067646563053,0.8274942149408162,0.07492173532024025,0.0001590113066136837,Kursun
True,1.7286398593220538,8.102143932991591,0.7912005254230385,0.31280998343497274,12.48802189578172,3.3264173399514467,143.7491614851766,157.24633920171573,0.609747837557156,0.32347518463733094,189.74895873222357,0.06335675353758749,0.017266444920360013,0.007876296649229599,0.020274481277156368,0.10305033457851319,1.1264886564653325,,0.05569307931419462,0.3481282088179142,0.0024273746046237646,9.979803310707211,15.864373315125704,0.31431802026927474,0.013103083235211671,0.10070997393876314,10.207470916211605,1.5023055486381054,1.1370854619890451,0.07936817636713385,0.000279965602979064,Celik
True,1.6728714306460466,7.3094016394910515,0.7289940935471905,0.26843073836227827,12.203082721913235,3.7252934368499298,95.0854397937021,223.9491410624322,0.6085296489441467,0.24545292513537126,103.26110231971853,0.05973851936921859,0.011687879443317539,0.0036075553699524547,0.017829033887195898,0.0652773357809249,1.1901774086669457,,0.04548847542703152,0.32616334717907014,0.0026536627281457184,7.479788777418435,18.32204489223659,0.21170960534363986,0.009975317044183613,3.4370304089616983,7.2371381893754005,2.5603477098047733,0.9897704870440066,0.050501952264457944,0.00017292128480039535,Tungsten
True,1.6515419423588789,4.467463878583538,1.8725645970636882,0.6118204623592294,4.167085146240687,1.2457715972307415,62.5846339006788,224.33164372225156,0.8733295142247852,,116283457403.90132,0.4493703707381674,0.0225282055817143,0.0034430331495918167,0.014494371701877626,0.03982910127574132,1.0603518012510245,,0.06645311570819468,0.18093147128634154,0.0023657265580259265,6.615245477296412,14.382017750293016,0.23930422589182854,0.019904315176419912,3.2961322665000337,13.011284247040749,1.3255407847464085,0.9953709490597249,0.08829198307357727,0.000222153622796759,Tungsten
True,1.4154712109388088,8.329937397842679,0.9697191582202501,0.25721684688758284,10.875968610707888,5.665683917036622,149.5182297840158,261.8163013531942,0.6330560856758015,0.20219045098502644,37.5360146667376,0.08916163634984357,0.020621367411378187,0.0021174052310707994,0.013679222600040244,0.06363192325909046,1.1992150212508386,,0.06364720502030105,0.13705475968495012,0.002846418086439371,7.17704460490495,18.549120439216495,0.5157580243423582,0.01154620343632996,3.858537436218001,24.988762326538563,1.4495610445737839,1.26960704382509,0.11030428974889218,0.0001510083300527185,Tungsten
True,1.2580407449445783,5.572026213650441,1.0957528421859628,0.39671122811698123,7.178355115914808,2.200444806009531,73.467866162993,206.8066697260843,0.7058207121508393,0.3127111729656641,215.99216704699813,0.15264678669304316,0.015351957024272323,0.016260254975646694,0.03602912205645929,0.053886329885110544,2.0307301583056967,,0.04742809167131782,0.2182970152832568,0.0032730117263272407,6.90000974573195,25.733313657343388,0.2956435658037663,0.013410646121948956,3.0895914144152776,17.042337507009506,0.2003307081758976,0.7711209897883238,0.10900194190442562,0.0006791973462328314,Tungsten
True,1.0867798378254898,4.684336150565338,0.6426979952561488,0.38271395388972695,7.804944507977635,3.260508959254517,84.32191500050858,96.5005876779013,0.5354250876890339,0.44179063712448924,304.86908137429737,0.08234497946772468,0.01620548004812609,0.015899097797253244,0.03314687438178359,0.09708409582334708,2.3072562050369245,,0.04983020759001375,0.35046569920703774,0.002732648539356887,9.877079012803733,28.28131029754877,0.30595126487314706,0.012309347920119763,2.490444665009156,17.985443994402885,2.2915191017091274,1.448038645926863,0.10577685076743364,0.00035872062277048826,Kursun
True,1.0806338676447904,5.07072159598346,0.9149435921944814,0.26639550073961676,7.107000622281129,4.103578720813036,83.02009968829712,210.3861343663864,0.6411813936135808,0.2674124695562078,73.41837941820485,0.12873835825003946,0.01752218075541343,0.006016491370299129,0.018047010007662817,0.04820395233036435,1.40216845072591,,0.05687214161362499,0.12180999831669032,0.0028049099314957854,7.4923927104100585,15.146282643079758,0.46455825064331296,0.015102644812315703,2.5654790050014853,20.312054604291916,3.459888808429241,1.2107042665593326,0.11949055722914635,0.00027866483093239367,Kursun
True,0.9705729138470893,5.590083198213426,0.4252590344365962,0.18045762089216447,11.966040273314226,4.556334626538015,173.3746312865975,191.69651911267658,0.45515125197826706,0.16812683687210236,119.02176091625961,0.0355388269405191,0.021733333750335697,0.0039475771457244966,0.014993956933802588,0.058322219141889085,1.0401148617758158,,0.06501624600496143,0.14966244182549415,0.002518369661644101,9.41620412748307,9.096930956467986,0.4330799384042621,0.00823597102239728,3.3718895455375315,4.071423038840294,2.134571671485901,0.8459084750153125,0.09793882171623408,0.0002916799446567893,Tungsten
True,0.875634576655635,3.866865724125189,1.1616362917243834,0.44508045009276054,5.177705375692778,3.260206431455517,80.60686359424096,142.75846993833818,0.7777113172997318,0.2490240417450621,34.3829647364215,0.22435349395850016,0.023352100325944796,0.0018599746272520814,0.01327787166726123,0.054173538365820374,1.9648995960735536,,0.06815876206289978,0.18786629816889763,0.0026851185131818054,7.216902798973024,26.870726538822055,0.31029283814132214,0.018415555034764112,2.1082396881664174,31.76070723682642,0.7507939077913761,0.9243863989599049,0.0977786177303642,0.00018641855297610164,Kursun
True,0.804873520065172,5.536999857204533,0.5951256047128402,0.23271415828813918,7.408982043514691,6.771631562634669,62.141491910935635,253.52230019315888,0.39816462277997666,0.15510176381186175,53.560624497341486,0.08032488150430488,0.012580977699628113,0.004792326124551779,0.01923549884601156,0.0436805744740079,1.3227825817904855,,0.046954351650550966,0.18733506495319308,0.0027434911639429627,6.062317197211087,21.030179167166352,0.25984941832721237,0.012846665520220995,2.53467109265551,5.073486790060997,8.745757266879082,1.145979680493474,0.11354346491396426,0.00025563144381158056,Kursun
True,0.7374741908106746,2.4888027708711333,0.3215207260862555,0.1461068965704196,8.803774352088901,4.660951097130195,67.53408763197567,121.98955060405486,0.568666178596468,0.286625461476833,311.5540213338565,0.0365207822494868,0.011506557005737822,0.00913404707763209,0.030039316136518158,0.04080354027943123,1.7532231989630338,,0.041431251145899295,0.14561911696754395,0.0025452891187742353,8.875558283179998,12.07003404200077,0.35303348843008286,0.010355559720657766,0.42483985554613174,27.543418258428574,0.9641117602586746,1.2900323630310595,0.11995098338462412,0.00032498190202750267,Celik
True,0.6327283524610294,2.1628560400262704,0.6500880036205511,0.34547923815840276,4.428221440155575,1.9240641497915503,39.02555771581731,165.42171426625728,0.6654935840263999,0.4170970567358115,165.86917041432838,0.14680566733304823,0.013219378787811787,0.008255948683023573,0.024670575298267404,0.02614960254304957,3.086569416610977,,0.046596162292174996,0.12388929371163249,0.00414189918525517,9.226945983245969,8.261927219107747,0.26355513315647844,0.013481175324879587,3.107784140794538,20.003105029463768,2.3511864989995956,0.8934419058263303,0.07818428836762906,0.00036309946714900435,Tungsten
True,0.4998911987973029,1.6883690568219034,0.40737163344024285,0.29214186613322013,3.6399436120813013,2.7757711442700406,46.235773138993814,70.40151560846874,0.4391248965658907,0.350798776302087,62.32433296678445,0.11191701763954245,0.019053498377914334,0.00201683363246087,0.013749942898086783,0.04796399742902143,2.9896522133419094,,0.06098104440700263,0.15397113444656133,0.002617431716993451,9.609468984417617,19.920202784240246,0.34205954819917683,0.012479351398535073,3.828602558308281,12.610715739428997,4.8852515779435635,1.0934731914661826,0.11981375101022422,0.000178481564251706,Tungsten
True,0.35365125503381467,1.5635745388479687,0.28248969090912324,0.17272730867955766,5.805452204881314,4.448138508034225,70.0814792438854,102.26183992197562,0.5244330724881645,0.14946947076731906,60.917646319234954,0.048659377588467875,0.018107498805595142,0.0018813916377051951,0.013728808144914539,0.030579824107232076,1.416871323006071,,0.059341595328412954,0.16086715205572544,0.0020814827359281482,9.046859820373356,8.332662867382169,0.20783042199909688,0.010950304533354938,2.5130963987940924,31.360119581222534,3.118979539722204,0.7518946064636112,0.08431151147000492,0.0002135817122645676,Kursun
True,0.2701134069308253,1.3694407472615024,0.4689242412897888,0.39237600367634073,2.4581274403163187,2.065733383741813,36.7268922790082,69.56540748212774,0.42085630475395464,,364654999703.9528,0.19076482105803527,0.022411506220126293,0.015328296954328234,0.024419190511823095,0.03937131389946446,3.543930206496764,,0.06300165691319853,0.15830468527786434,0.002592821534257382,7.804411826655269,30.600030908361077,0.2940670605748892,0.019232400528155266,0.4576147061493248,2.7734407037496567,6.244037710130215,1.3542224848642945,0.1133027653209865,0.000393401053128764,Celik
True,0.1812741219602252,1.2891203724665345,0.4180999981329952,0.2848105855167571,3.0885611396554036,2.152540902002341,41.61526218665287,84.39270549739474,0.5008560233412526,0.5418580649358798,556695602112.1587,0.13537047810542724,0.02021099484756968,0.02238679745790993,0.03508960499253662,0.03055051653738795,2.7371014595029615,,0.05618028601072729,0.15043997407518328,0.0024163434659130872,7.204212136566639,23.18974837101996,0.2648497510701418,0.01660856318473816,0.8708411202868447,7.944073751568794,5.634967777878046,1.2437230983749032,0.10310607961378991,0.00048607504735700784,Celik
True,0.047140097773246126,2.634201023802453,0.13623187982796622,0.13353819222821106,4.189563027479899,9.4555858841577,44.76329766414714,129.89704349672215,0.10833494515681548,0.14115744915506662,323.28932457031993,0.03251696631233455,0.0160267183130575,0.0097513592037439,0.023677890412305044,0.04055829067224189,1.2566658478424115,,0.05235297247208655,0.12935189447179435,0.002007503437809646,7.233743630349636,16.41460876725614,0.3838057527318597,0.007383896823041141,3.0823071157392117,29.28083423525095,15.826582293957472,1.1541024312376977,0.040519900275394316,0.00022055259295739233,Tungsten
True,0.0199777598323978,1.501348692612256,0.14548297273901922,0.2527695308285668,2.070356638461734,4.736156131399613,31.95550515269248,111.58009312895116,0.10031035424199267,0.14669695850179623,52.588905020461205,0.07026952266886367,0.02315217428657747,0.0025389317395533447,0.013770295063080546,0.026910690796380202,3.184730916317333,,0.06767934580147267,0.11807895351015031,0.0030704930326901376,7.326384484767914,18.66638950444758,0.25799095872789624,0.014004097048193217,0.5839509700024501,16.34775873273611,13.709591254591942,0.7905305630527437,0.10823146713897586,0.0002650694926735014,Celik
